0,0,0,0,7,11,5,1,1,0,0.18399462348987172,5,52,
0,0,0,1,11,12,8,7,8,1,0.2726080136510358,5,21,
0,0,0,2,11,12,11,8,7,0,0.38294901830296935,5,0,
0,0,0,3,7,7,12,11,11,0,0.6112710535972281,5,86,
0,0,0,4,4,7,12,5,7,1,0.08967439511080944,5,0,
0,0,0,5,12,4,11,4,1,0,0.8977892141728598,5,164,
0,0,0,6,12,13,4,11,1,0,0.7931988536809471,5,39,
0,0,0,7,3,4,2,6,4,0,0.5420111609148959,5,42,
0,0,0,8,1,12,2,12,2,0,0.1562310102430866,5,53,
0,0,0,9,2,3,5,14,7,1,0.010018164665452245,5,0,
0,0,0,10,8,4,2,7,1,0,0.7502134019283495,5,174,
0,0,0,11,11,12,11,8,11,0,0.40508716420306223,5,0,
0,0,0,12,2,1,14,11,1,0,0.45911122323419673,5,7,
0,0,0,13,7,12,12,8,3,1,0.002691382253778851,5,0,
0,0,0,14,8,7,8,7,4,0,0.5099098983032788,5,41,
0,0,0,15,1,12,13,11,3,0,0.5755937518596228,5,99,
0,0,0,16,4,11,4,13,1,1,0.0726664381919162,5,28,
0,0,0,17,5,7,4,3,4,0,0.9914556252196371,5,53,
0,0,0,18,3,11,1,1,8,1,0.08053280543323527,5,3,
0,0,0,19,4,11,3,4,7,0,0.7893338639492877,5,23,
0,0,0,20,2,8,4,8,1,0,0.3908879675411887,5,61,
0,0,0,21,4,2,12,2,7,0,0.3899334421691132,5,243,
0,0,0,22,7,5,3,7,8,0,0.9506403051662546,5,5,
0,0,0,23,2,12,7,12,12,0,0.7552858093101826,5,52,
0,0,0,24,7,9,4,4,1,0,0.7445355611405531,5,6,
0,0,0,25,8,13,1,11,11,0,0.8551268549270328,5,6,
0,0,0,26,4,5,7,7,11,0,0.9326395626405419,5,46,
0,0,0,27,1,4,11,13,3,0,0.06421497604179227,5,0,
0,0,0,28,4,7,12,13,4,1,0.19501130576726478,5,121,
0,0,0,29,7,4,11,4,7,0,0.8500162009373499,5,196,
0,0,1,0,12,8,12,7,11,0,0.7327522011523828,5,116,
0,0,1,1,3,11,5,7,7,0,0.2959166357680263,5,3,
0,0,1,2,1,1,1,2,1,0,0.24395189856526045,5,42,
0,0,1,3,1,11,11,3,3,0,0.41039441013633027,5,4,
0,0,1,4,9,7,8,4,3,0,1.0,5,11,
0,0,1,5,4,11,12,4,1,0,0.14440219873339788,5,0,
0,0,1,6,2,3,7,3,7,0,0.9128218575142412,5,57,
0,0,1,7,1,1,2,4,2,0,0.09469096110266917,5,4,
0,0,1,8,3,11,8,5,1,0,0.014748044609800504,5,0,
0,0,1,9,1,11,14,1,6,0,0.4700295143133324,5,2,
0,0,1,10,1,7,12,1,11,0,0.38333016439389833,5,23,
0,0,1,11,7,13,8,4,4,0,0.3681209225776465,5,22,
0,0,1,12,12,12,2,2,7,0,0.34431627443256896,5,24,
0,0,1,13,4,4,13,1,1,0,0.24498797696907615,5,135,
0,0,1,14,1,11,12,7,4,0,0.31780063141341786,5,25,
0,0,1,15,4,1,4,1,3,0,0.5083424596762136,5,16,
0,0,1,16,7,8,1,8,8,0,0.055936044402337126,5,1,
0,0,1,17,8,7,1,11,2,0,0.9108595192060025,5,68,
0,0,1,18,4,1,4,4,1,0,0.37043841525751375,5,487,
0,0,1,19,12,4,12,3,7,0,0.7785636623097562,5,8,
0,0,1,20,12,13,2,12,1,0,0.5451053548700695,5,47,
0,0,1,21,9,4,4,4,12,0,1.0,5,20,
0,0,1,22,11,2,4,2,5,1,0.14780489962658316,5,3,
0,0,1,23,4,7,11,12,3,0,0.83833957496246,5,17,
0,0,1,24,12,2,2,12,3,0,0.47261265915671125,5,1,
0,0,1,25,4,1,4,12,10,1,0.28049810552735166,5,0,
0,0,1,26,7,4,2,12,11,0,0.45402243914982865,5,183,
0,0,1,27,2,12,11,2,1,0,0.8716407179169059,5,56,
0,0,1,28,1,12,1,11,7,0,0.822741909624926,5,244,
0,0,1,29,1,4,4,8,7,0,0.11623927967301406,5,2,
0,0,2,0,7,5,13,4,4,0,0.25330282134525217,5,1,
0,0,2,1,1,4,1,5,7,1,0.08060070043001688,5,0,
0,0,2,2,4,14,2,4,4,0,0.8247464809060863,5,0,
0,0,2,3,7,7,12,4,11,0,0.12110229339840395,5,0,
0,0,2,4,7,4,4,4,3,0,0.3556990963125908,5,92,
0,0,2,5,8,13,8,7,1,0,0.2731460211864898,5,0,
0,0,2,6,12,1,12,11,12,0,0.6670767568585985,5,0,
0,0,2,7,2,3,7,1,3,0,0.7790430008563796,5,8,
0,0,2,8,8,7,1,3,7,0,0.9420521238109059,5,39,
0,0,2,9,1,1,4,12,1,0,0.29037476897372194,5,2,
0,0,2,10,1,12,7,4,11,0,0.7531027138481776,5,42,
0,0,2,11,2,1,1,12,11,0,0.7574491410932089,5,86,
0,0,2,12,11,3,12,2,4,1,0.09678970464135961,5,0,
0,0,2,13,4,12,3,1,7,0,0.9204120304129142,5,4,
0,0,2,14,4,4,12,7,7,0,0.7326795064152708,5,293,
0,0,2,15,12,11,4,2,4,1,0.06673053556847952,5,2,
0,0,2,16,7,7,4,2,3,0,0.013658106536139858,5,2,
0,0,2,17,8,4,11,1,2,0,0.9572705797838768,5,15,
0,0,2,18,1,11,13,6,3,0,0.42908475810485935,5,0,
0,0,2,19,4,11,2,12,7,0,0.17229246172396717,5,9,
0,0,2,20,4,4,8,6,1,0,0.4419838420162121,5,6,
0,0,2,21,7,1,5,11,7,0,0.533141063399497,5,151,
0,0,2,22,12,12,7,11,7,0,0.9246557975535399,5,127,
0,0,2,23,2,2,12,4,4,0,0.5046032367069979,5,14,
0,0,2,24,4,4,1,1,4,0,0.6143475009094959,5,339,
0,0,2,25,1,4,4,4,11,0,0.5186829156636306,5,361,
0,0,2,26,3,11,1,11,3,0,0.35375336963938275,5,0,
0,0,2,27,7,5,6,7,4,0,0.9596226683481814,5,27,
0,0,2,28,11,8,13,8,7,0,0.26365323804583085,5,0,
0,0,2,29,12,4,13,1,3,0,0.23752118553097756,5,1,
0,0,3,0,7,12,2,11,3,0,0.6721450874398129,5,103,
0,0,3,1,4,12,7,4,1,0,0.741029934712296,5,257,
0,0,3,2,2,4,8,12,4,0,0.13098171144556447,5,25,
0,0,3,3,4,5,3,12,7,0,0.914514417755297,5,38,
0,0,3,4,11,4,1,1,7,0,0.5344418386824923,5,51,
0,0,3,5,13,4,7,7,3,0,0.9832453769398164,5,1,
0,0,3,6,7,12,11,7,8,0,0.813584207663826,5,17,
0,0,3,7,11,2,13,4,8,1,0.46291445968731537,5,74,
0,0,3,8,14,4,4,4,11,0,1.0,5,11,
0,0,3,9,7,4,5,8,3,0,0.11651108746326166,5,8,
0,0,3,10,7,7,12,5,7,1,0.11837711987333355,5,30,
0,0,3,11,3,5,7,1,2,0,0.9160930261567553,5,1,
0,0,3,12,11,4,8,2,12,1,0.06754628683544617,5,0,
0,0,3,13,2,11,12,11,1,0,0.8319398253785402,5,14,
0,0,3,14,11,8,2,4,7,0,0.6416749773518389,5,135,
0,0,3,15,1,4,4,11,1,0,0.7112062109544515,5,234,
0,0,3,16,2,1,2,4,5,1,0.37162454314681215,5,9,
0,0,3,17,3,12,4,6,2,0,0.4749150091257901,5,0,
0,0,3,18,4,12,3,2,4,0,0.8536421586357826,5,4,
0,0,3,19,7,2,12,2,4,0,0.12283168399857924,5,5,
0,0,3,20,5,12,4,12,7,0,0.9717251359914373,5,4,
0,0,3,21,13,1,8,2,7,0,0.9455069810559671,5,12,
0,0,3,22,8,4,7,4,7,0,0.9462160965769069,5,335,
0,0,3,23,4,8,12,5,2,1,0.18414706368615974,5,0,
0,0,3,24,7,4,12,1,1,0,0.3303599491050797,5,40,
0,0,3,25,1,11,2,12,7,0,0.06337473955882267,5,1,
0,0,3,26,11,11,4,4,2,1,0.08219586978978999,5,10,
0,0,3,27,12,11,4,4,1,0,0.06891501648726228,5,0,
0,0,3,28,11,7,8,3,10,0,0.07693867758940409,5,0,
0,0,3,29,7,11,4,8,1,1,0.17149384225631192,5,202,
0,0,4,0,7,8,13,4,8,1,0.37453904800905946,5,22,
0,0,4,1,1,4,9,1,7,0,0.5667660639958514,5,103,
0,0,4,2,1,1,1,3,1,0,0.6413904260295351,5,17,
0,0,4,3,12,8,4,13,7,0,0.03643377675122128,5,0,
0,0,4,4,2,4,1,3,7,0,0.8612942286677516,5,77,
0,0,4,5,4,7,12,7,3,0,0.6674195166294584,5,182,
0,0,4,6,11,13,12,1,7,0,0.7273270844206314,5,0,
0,0,4,7,3,1,12,9,1,0,0.01360195157421984,5,0,
0,0,4,8,7,11,5,2,12,1,0.15353301820438903,5,9,
0,0,4,9,11,11,4,2,11,0,0.011306774632074967,5,0,
0,0,4,10,7,4,2,2,4,0,0.09892147850127042,5,95,
0,0,4,11,7,4,2,12,13,1,0.4624375919980439,5,107,
0,0,4,12,2,4,13,8,3,1,0.0011353946373064971,5,0,
0,0,4,13,2,12,4,13,1,1,0.15405712353270995,5,86,
0,0,4,14,3,13,6,12,6,0,0.9415400987333927,5,0,
0,0,4,15,1,3,1,13,4,1,0.1187949972998088,5,6,
0,0,4,16,7,8,8,2,2,0,0.16043108416462704,5,0,
0,0,4,17,11,4,1,3,1,0,0.661610327636017,5,9,
0,0,4,18,9,3,4,7,4,0,1.0,5,60,
0,0,4,19,7,11,5,11,1,0,0.323418445893237,5,1,
0,0,4,20,1,13,4,1,7,0,0.7524668725298487,5,185,
0,0,4,21,4,1,4,5,12,1,0.2554142022122958,5,42,
0,0,4,22,4,12,1,11,1,0,0.806170864739169,5,299,
0,0,4,23,4,3,4,11,2,0,0.5612327734062983,5,26,
0,0,4,24,11,8,1,12,7,0,0.7682338926318892,5,145,
0,0,4,25,7,13,6,4,7,0,0.9358183750303315,5,32,
0,0,4,26,2,7,2,5,1,1,0.07291714967104435,5,22,
0,0,4,27,8,11,6,12,12,0,0.330657289267394,5,0,
0,0,4,28,4,12,2,13,12,1,0.35898910311704557,5,37,
0,0,4,29,11,7,5,11,1,0,0.5219679851468824,5,58,
0,0,5,0,13,5,4,7,1,0,0.8894968313602336,5,0,
0,0,5,1,12,2,1,12,1,0,0.6377772673205682,5,41,
0,0,5,2,4,1,8,5,12,1,0.21987620263162655,5,12,
0,0,5,3,11,1,5,1,3,0,0.5236750419408904,5,13,
0,0,5,4,4,9,11,4,11,0,0.9251495536801344,5,51,
0,0,5,5,4,4,4,1,1,0,0.5298196091426068,5,474,
0,0,5,6,4,4,7,4,3,0,0.7208629764429113,5,75,
0,0,5,7,11,1,13,4,1,0,0.2058244002363372,5,27,
0,0,5,8,1,11,8,2,7,0,0.043255184716035844,5,0,
0,0,5,9,12,13,8,7,4,0,0.31422473158730235,5,0,
0,0,5,10,4,4,8,7,1,0,0.4183848059977753,5,103,
0,0,5,11,11,4,7,2,7,0,0.30138722702304044,5,40,
0,0,5,12,3,12,9,2,8,1,0.4246441416899607,5,1,
0,0,5,13,4,12,11,7,11,0,0.9383446957550559,5,218,
0,0,5,14,7,2,8,2,4,0,0.036995482011588754,5,0,
0,0,5,15,4,3,12,12,1,0,0.14886646221969624,5,0,
0,0,5,16,1,12,8,8,2,1,0.20012990379612772,5,40,
0,0,5,17,5,2,7,1,7,0,0.9866573700928853,5,27,
0,0,5,18,1,3,7,2,4,0,0.16601052597085708,5,2,
0,0,5,19,5,13,7,7,12,0,0.9440421679887536,5,1,
0,0,5,20,11,2,5,12,2,1,0.04574577777607969,5,0,
0,0,5,21,11,1,2,2,3,0,0.12939054195678645,5,10,
0,0,5,22,2,12,5,11,11,0,0.5775771913535301,5,49,
0,0,5,23,12,1,1,1,1,0,0.5836108168496645,5,8,
0,0,5,24,7,11,1,13,6,1,0.08864023220789807,5,0,
0,0,5,25,4,13,2,11,11,0,0.6581721550848056,5,29,
0,0,5,26,2,7,4,12,7,0,0.5787207781871002,5,239,
0,0,5,27,7,7,4,7,7,0,0.4418661724307946,5,135,
0,0,5,28,11,2,12,2,8,1,0.19607959052509694,5,16,
0,0,5,29,4,13,8,4,12,0,0.2876260942391369,5,10,
0,0,6,0,5,7,12,4,2,0,0.9787936603610468,5,5,
0,0,6,1,7,4,7,3,7,0,0.8460525405361907,5,20,
0,0,6,2,5,3,11,13,6,0,1.0,5,0,
0,0,6,3,13,7,13,11,1,0,0.9429169458323512,5,9,
0,0,6,4,5,7,12,1,7,0,0.9933117044526509,5,131,
0,0,6,5,4,10,1,11,7,0,0.6765162798386744,5,4,
0,0,6,6,12,4,1,1,11,0,0.7273019056737131,5,115,
0,0,6,7,4,2,8,1,7,0,0.3832084921910255,5,69,
0,0,6,8,12,7,4,13,8,1,0.465479466780087,5,85,
0,0,6,9,1,7,8,13,3,1,0.039789375714964104,5,0,
0,0,6,10,2,7,7,2,4,0,0.5814255082083724,5,62,
0,0,6,11,3,8,12,7,1,0,0.7704177415309106,5,4,
0,0,6,12,7,1,4,7,4,0,0.4300559193714846,5,113,
0,0,6,13,12,4,12,4,3,0,0.4646568124555839,5,49,
0,0,6,14,12,1,13,12,11,0,0.10987373268027234,5,0,
0,0,6,15,8,4,8,12,11,0,0.5285735857925989,5,31,
0,0,6,16,4,7,11,3,2,0,0.8410319769289043,5,1,
0,0,6,17,7,1,2,5,1,1,0.08684938950186538,5,0,
0,0,6,18,1,12,2,1,7,0,0.5761566389763213,5,276,
0,0,6,19,1,7,11,2,11,0,0.6535481715704614,5,14,
0,0,6,20,11,7,4,2,11,0,0.08074240922202991,5,0,
0,0,6,21,1,4,1,2,1,0,0.33208500481491887,5,133,
0,0,6,22,7,4,7,7,4,0,0.7686425444400793,5,354,
0,0,6,23,11,12,13,4,4,0,0.2193526362018996,5,29,
0,0,6,24,5,1,4,12,3,0,0.9921238032155586,5,7,
0,0,6,25,12,1,7,4,11,0,0.7684586215501051,5,105,
0,0,6,26,3,3,7,4,4,1,0.024479751978183195,5,0,
0,0,6,27,8,12,3,3,4,0,0.9445176665108533,5,0,
0,0,6,28,7,12,2,13,11,1,0.12139546695756231,5,4,
0,0,6,29,4,1,5,7,2,0,0.10347950651564708,5,0,
0,0,7,0,12,12,2,4,1,0,0.3530609429262115,5,59,
0,0,7,1,11,11,13,13,8,1,0.5340631402717735,5,39,
0,0,7,2,12,8,4,2,8,0,0.24268543563852907,5,2,
0,0,7,3,11,7,4,7,14,0,0.5108558507948611,5,4,
0,0,7,4,1,4,5,1,11,0,0.5366256413471973,5,53,
0,0,7,5,7,12,1,7,2,0,0.6356030196012621,5,22,
0,0,7,6,2,2,8,7,1,0,0.4775802172535104,5,9,
0,0,7,7,5,7,11,11,1,0,0.9964176348653104,5,59,
0,0,7,8,2,8,7,1,4,0,0.8943064112609613,5,142,
0,0,7,9,2,1,11,7,2,0,0.9362856771391028,5,56,
0,0,7,10,12,1,7,11,1,0,0.8953741015580472,5,125,
0,0,7,11,4,7,12,8,8,1,0.28276119295399305,5,88,
0,0,7,12,12,7,11,4,6,0,0.5572369877965633,5,6,
0,0,7,13,3,4,2,8,7,0,0.08789392639682947,5,0,
0,0,7,14,7,2,11,2,2,0,0.7923836771246813,5,8,
0,0,7,15,7,2,11,12,7,0,0.8788686485160622,5,134,
0,0,7,16,3,12,8,13,11,1,0.11881705552689947,5,0,
0,0,7,17,11,12,7,4,3,0,0.46707335118026205,5,13,
0,0,7,18,4,4,8,7,1,0,0.4183848059977753,5,158,
0,0,7,19,4,7,11,11,2,0,0.877273711666019,5,19,
0,0,7,20,1,4,2,1,7,0,0.5309269756455008,5,260,
0,0,7,21,1,2,7,4,12,0,0.6230502420526807,5,29,
0,0,7,22,13,12,8,3,12,0,0.779988114277902,5,0,
0,0,7,23,7,11,8,3,7,0,0.38026308402437414,5,4,
0,0,7,24,11,2,9,4,7,0,0.5555670650828013,5,0,
0,0,7,25,3,1,9,10,7,0,0.7028299756666305,5,0,
0,0,7,26,12,8,4,13,3,0,0.05116437561466125,5,0,
0,0,7,27,2,2,12,1,11,0,0.6978586093677646,5,96,
0,0,7,28,11,2,8,2,11,0,0.27216880882419625,5,7,
0,0,7,29,4,7,4,2,7,0,0.25540477528052163,5,229,
0,0,8,0,2,7,1,7,6,0,0.7142350180088571,5,2,
0,0,8,1,4,12,14,8,11,0,0.6160727310191338,5,14,
0,0,8,2,1,4,7,7,1,0,0.8429657677700295,5,115,
0,0,8,3,2,7,3,12,2,0,0.8548675183456882,5,1,
0,0,8,4,7,7,8,11,1,0,0.442065811137222,5,122,
0,0,8,5,1,7,8,2,7,0,0.09682618068148385,5,23,
0,0,8,6,7,2,4,12,4,0,0.31777096393441373,5,14,
0,0,8,7,11,2,2,7,7,0,0.6328460272760417,5,51,
0,0,8,8,11,3,1,12,2,1,0.1541168665547552,5,1,
0,0,8,9,7,1,8,7,8,1,0.31978059286348004,5,6,
0,0,8,10,4,7,7,1,7,0,0.7220547359950062,5,207,
0,0,8,11,1,4,11,7,1,0,0.9217772780208878,5,168,
0,0,8,12,13,11,11,7,7,0,1.0,5,97,
0,0,8,13,2,4,7,11,2,0,0.9128948720857897,5,38,
0,0,8,14,4,4,4,12,4,0,0.3800423544280507,5,385,
0,0,8,15,12,11,2,5,1,1,0.09206534610176753,5,0,
0,0,8,16,1,4,2,7,8,1,0.05090086645703362,5,0,
0,0,8,17,1,1,9,7,11,0,0.5736799409864705,5,26,
0,0,8,18,12,7,8,4,4,1,0.1378812940183829,5,7,
0,0,8,19,4,1,1,2,1,0,0.3377133751915098,5,154,
0,0,8,20,8,1,1,2,1,0,0.7903638720435222,5,31,
0,0,8,21,12,8,7,12,2,0,0.8373547765136883,5,28,
0,0,8,22,7,12,2,1,2,0,0.31408750737925106,5,19,
0,0,8,23,12,13,2,2,7,0,0.5630206142053538,5,21,
0,0,8,24,12,8,5,13,6,1,0.5336714770054014,5,3,
0,0,8,25,11,3,2,11,4,0,0.29086797408910203,5,1,
0,0,8,26,7,2,12,11,7,0,0.731252427711865,5,51,
0,0,8,27,7,5,3,7,7,0,0.9680258414925498,5,35,
0,0,8,28,7,5,7,3,2,0,0.9763539333984104,5,1,
0,0,8,29,8,11,1,2,6,0,0.7086872296661724,5,0,
0,0,9,0,11,12,4,7,11,0,0.7272429301119159,5,208,
0,0,9,1,12,7,9,6,4,0,0.30246656684006246,5,7,
0,0,9,2,1,9,3,4,11,0,0.9333689714481177,5,14,
0,0,9,3,2,11,12,8,3,0,0.09305336738539549,5,1,
0,0,9,4,12,12,13,4,11,0,0.23000457592195178,5,14,
0,0,9,5,11,7,11,4,10,1,0.18322910105004864,5,1,
0,0,9,6,11,11,1,13,3,1,0.06975032053759123,5,2,
0,0,9,7,2,3,3,7,11,0,0.9476625339811577,5,5,
0,0,9,8,11,2,7,1,2,0,0.58240084811645,5,57,
0,0,9,9,13,7,1,1,2,0,0.9828250783040392,5,2,
0,0,9,10,2,6,2,8,4,0,0.3744064278095858,5,0,
0,0,9,11,4,4,3,11,1,0,0.9267076452176717,5,120,
0,0,9,12,5,7,1,4,7,0,0.992404632728465,5,186,
0,0,9,13,4,3,2,4,2,1,0.028776562331378264,5,0,
0,0,9,14,1,4,2,8,4,1,0.05570754913456888,5,3,
0,0,9,15,1,2,1,8,11,0,0.3323843330085956,5,15,
0,0,9,16,12,4,1,8,1,0,0.17561940837086776,5,1,
0,0,9,17,13,10,11,3,2,0,1.0,5,0,
0,0,9,18,8,8,7,4,7,0,0.9140592642995182,5,186,
0,0,9,19,3,12,8,4,12,0,0.008047455331746223,5,0,
0,0,9,20,1,2,8,3,1,0,0.5168949003478913,5,13,
0,0,9,21,4,1,2,2,7,0,0.29676562670766304,5,116,
0,0,9,22,4,12,4,1,1,0,0.5591986521227207,5,325,
0,0,9,23,11,12,8,13,4,1,0.23084465359528616,5,29,
0,0,9,24,1,7,8,2,7,0,0.09682618068148385,5,0,
0,0,9,25,8,1,8,2,7,0,0.405343805731871,5,4,
0,0,9,26,11,4,8,7,4,0,0.37533468516390256,5,92,
0,0,9,27,4,3,2,2,1,0,0.0700225392184719,5,0,
0,0,9,28,1,4,7,2,7,0,0.5602901317501592,5,220,
0,0,9,29,2,12,4,13,10,1,0.23952151691175527,5,0,
0,0,10,0,4,1,7,8,4,0,0.19922985192379405,5,41,
0,0,10,1,2,4,4,11,6,0,0.6909767489479486,5,0,
0,0,10,2,4,5,4,3,2,0,0.8549991326904026,5,14,
0,0,10,3,10,8,7,1,4,0,0.9994611365712651,5,0,
0,0,10,4,1,8,11,4,6,0,0.9082193371403224,5,0,
0,0,10,5,4,1,4,3,7,0,0.7336199526651848,5,90,
0,0,10,6,7,4,12,13,13,1,0.23366467697654691,5,35,
0,0,10,7,7,13,6,8,3,0,0.8608095020247244,5,0,
0,0,10,8,2,4,3,3,7,0,0.9391892497063405,5,4,
0,0,10,9,3,13,11,1,11,0,0.961621509373596,5,41,
0,0,10,10,4,11,12,7,7,0,0.5862037780879992,5,77,
0,0,10,11,4,1,8,12,7,0,0.19048728864416486,5,3,
0,0,10,12,2,12,2,1,3,0,0.603315192618713,5,34,
0,0,10,13,1,4,4,12,7,0,0.4816734274400407,5,200,
0,0,10,14,3,7,5,1,1,0,0.3832932248844154,5,22,
0,0,10,15,12,8,7,2,11,0,0.8447411769901187,5,62,
0,0,10,16,1,4,2,2,1,0,0.19864628502447124,5,113,
0,0,10,17,7,7,7,9,3,0,0.02199626146934941,5,0,
0,0,10,18,2,5,2,2,4,0,0.5977105858930094,5,0,
0,0,10,19,4,12,12,4,7,0,0.5554129411903426,5,162,
0,0,10,20,12,4,4,7,11,0,0.7419885297698929,5,355,
0,0,10,21,5,4,13,1,3,0,0.9418566355961397,5,0,
0,0,10,22,5,11,2,7,11,0,0.9971753053093484,5,92,
0,0,10,23,1,4,7,1,3,0,0.7066334520426099,5,22,
0,0,10,24,4,3,8,8,4,1,0.19999025232917922,5,39,
0,0,10,25,1,12,4,4,11,0,0.5705457426904958,5,153,
0,0,10,26,4,1,4,12,6,0,0.3009044312101177,5,2,
0,0,10,27,7,3,7,8,10,1,0.28704985961094853,5,3,
0,0,10,28,8,12,7,3,4,0,0.9463188515869726,5,35,
0,0,10,29,2,13,3,12,2,0,0.9256777252804234,5,22,
0,0,11,0,7,8,2,4,1,0,0.5352529350400301,5,242,
0,0,11,1,12,3,12,2,6,1,0.03097080843509059,5,0,
0,0,11,2,11,12,8,8,7,0,0.08870987211991765,5,15,
0,0,11,3,11,2,3,13,1,0,0.08073343039228287,5,1,
0,0,11,4,7,1,4,7,4,0,0.4300559193714846,5,238,
0,0,11,5,2,1,4,12,3,0,0.6190914353800461,5,30,
0,0,11,6,7,4,8,11,6,0,0.46868458325709894,5,40,
0,0,11,7,4,12,4,1,3,0,0.6045914982495282,5,96,
0,0,11,8,8,3,7,12,7,0,0.9839833363701751,5,6,
0,0,11,9,1,11,4,8,7,1,0.06532342938211844,5,15,
0,0,11,10,7,8,7,1,12,0,0.834784817125388,5,59,
0,0,11,11,4,11,12,11,11,0,0.7501358048337179,5,30,
0,0,11,12,2,12,11,12,1,0,0.9241957311669682,5,34,
0,0,11,13,11,12,4,4,12,0,0.07405909828790258,5,0,
0,0,11,14,8,4,8,4,3,0,0.45967104046352625,5,11,
0,0,11,15,7,5,11,1,12,0,0.9324450775067212,5,12,
0,0,11,16,8,1,7,4,11,0,0.9600666523511541,5,291,
0,0,11,17,11,1,4,1,2,0,0.1845482031191259,5,18,
0,0,11,18,7,7,9,4,2,1,0.0052557104921973075,5,0,
0,0,11,19,4,2,8,12,8,1,0.4047215597742413,5,81,
0,0,11,20,4,11,12,13,1,1,0.08455459311073132,5,16,
0,0,11,21,6,7,4,1,4,0,0.23784004284339488,5,0,
0,0,11,22,4,4,12,1,3,0,0.5327432740942768,5,103,
0,0,11,23,7,1,2,7,2,0,0.3112644014772734,5,22,
0,0,11,24,7,7,13,7,12,1,0.09265515383239054,5,0,
0,0,11,25,1,8,12,4,3,0,0.6175490735588933,5,26,
0,0,11,26,7,13,1,7,1,0,0.876264366678311,5,158,
0,0,11,27,3,11,12,2,7,1,0.07746563844510268,5,8,
0,0,11,28,1,7,1,8,4,1,0.10750205072418373,5,47,
0,0,11,29,13,12,2,11,1,0,0.9573732104111479,5,21,
0,0,12,0,2,9,4,7,4,0,0.8168033049011263,5,0,
0,0,12,1,4,2,6,8,7,0,0.7487134132807247,5,11,
0,0,12,2,2,4,13,11,1,0,0.4521239986690615,5,14,
0,0,12,3,1,4,2,11,4,0,0.5872753174117795,5,189,
0,0,12,4,3,4,8,7,4,0,0.3761678139672606,5,3,
0,0,12,5,13,2,7,1,11,0,0.9806192816154138,5,114,
0,0,12,6,12,4,1,1,2,0,0.5799189897702435,5,53,
0,0,12,7,1,8,6,4,7,0,0.9316346834733762,5,1,
0,0,12,8,7,2,7,7,7,0,0.867320359747012,5,165,
0,0,12,9,8,12,3,1,12,0,0.9600183374754392,5,2,
0,0,12,10,4,1,2,8,4,1,0.08300042671265695,5,31,
0,0,12,11,5,11,12,4,11,0,0.9989064939934875,5,94,
0,0,12,12,5,11,2,4,4,0,0.9801304378291498,5,9,
0,0,12,13,2,8,4,4,4,0,0.6385694586482427,5,135,
0,0,12,14,1,12,1,4,4,0,0.4766603209795912,5,163,
0,0,12,15,12,12,8,3,2,0,0.3192575591475314,5,0,
0,0,12,16,2,2,7,12,12,0,0.7569907663329059,5,16,
0,0,12,17,8,13,7,8,3,0,0.7804389889638215,5,1,
0,0,12,18,4,12,12,3,1,0,0.7674770885887221,5,11,
0,0,12,19,7,4,1,7,7,0,0.7407613484277253,5,377,
0,0,12,20,6,4,7,8,2,0,0.05173943479536258,5,0,
0,0,12,21,12,2,8,11,4,0,0.3698757101815475,5,6,
0,0,12,22,12,2,8,7,8,1,0.24463238111225294,5,0,
0,0,12,23,4,2,2,12,1,0,0.40063931717305024,5,91,
0,0,12,24,7,4,8,8,1,1,0.05848265407896158,5,106,
0,0,12,25,11,3,7,2,4,1,0.05740606285490002,5,2,
0,0,12,26,8,12,12,2,8,0,0.27233715742837417,5,0,
0,0,12,27,4,8,11,1,6,0,0.9165747382192213,5,3,
0,0,12,28,4,7,2,4,12,1,0.015631853744318525,5,0,
0,0,12,29,12,4,13,4,11,0,0.1875743421237075,5,23,
0,0,13,0,8,2,8,2,11,0,0.3810352149352745,5,3,
0,0,13,1,8,2,3,1,6,0,0.9011411964035481,5,0,
0,0,13,2,12,12,1,4,7,0,0.6786165579898016,5,292,
0,0,13,3,2,12,4,6,11,0,0.6099683463166807,5,5,
0,0,13,4,4,12,1,2,7,0,0.5477996119671444,5,177,
0,0,13,5,1,11,13,12,12,1,0.3420794974558843,5,52,
0,0,13,6,8,4,8,2,8,1,0.3839096172490388,5,27,
0,0,13,7,4,7,4,12,1,0,0.2699451196912528,5,207,
0,0,13,8,7,8,1,7,2,0,0.8215441332693592,5,133,
0,0,13,9,3,12,2,4,3,0,0.4337854957356,5,20,
0,0,13,10,13,12,2,7,1,0,0.9572031875660748,5,129,
0,0,13,11,13,1,6,7,1,0,0.8785179227864475,5,0,
0,0,13,12,2,3,8,13,12,1,0.15345004975737497,5,0,
0,0,13,13,4,13,3,3,7,0,0.9746827946453075,5,32,
0,0,13,14,12,13,4,12,3,0,0.6289501753831559,5,5,
0,0,13,15,5,10,4,4,11,0,1.0,5,32,
0,0,13,16,11,11,8,12,1,1,0.2248509353335315,5,1,
0,0,13,17,1,3,12,1,11,0,0.29508465772342385,5,5,
0,0,13,18,1,1,11,1,13,0,0.4098386283517308,5,5,
0,0,13,19,11,4,1,3,4,0,0.6528151851535249,5,77,
0,0,13,20,12,13,1,2,4,0,0.7781734993359606,5,33,
0,0,13,21,3,2,2,7,7,0,0.634830547185355,5,124,
0,0,13,22,4,11,12,8,12,1,0.2227288998597352,5,33,
0,0,13,23,11,11,4,13,12,1,0.12794707612885658,5,3,
0,0,13,24,12,13,12,12,1,0,0.5274373394867604,5,22,
0,0,13,25,4,7,12,5,2,1,0.19027109462073688,5,20,
0,0,13,26,11,3,10,10,7,0,0.2017669646403617,5,0,
0,0,13,27,7,13,4,12,3,0,0.6768473448640031,5,56,
0,0,13,28,11,1,4,2,2,1,0.008448601145099932,5,0,
0,0,13,29,12,7,1,7,11,0,0.765154492924089,5,127,
0,0,14,0,1,4,5,12,13,1,0.7515281529216378,5,43,
0,0,14,1,7,8,11,4,2,0,0.9388089877878971,5,45,
0,0,14,2,11,4,8,4,1,0,0.2133728064542415,5,247,
0,0,14,3,12,2,11,11,4,0,0.9512328180550218,5,60,
0,0,14,4,1,7,9,7,7,0,0.4716559393335724,5,77,
0,0,14,5,9,3,13,4,7,0,1.0,5,0,
0,0,14,6,12,11,4,2,7,0,0.10610166786530661,5,22,
0,0,14,7,12,8,4,7,8,0,0.5547007750546431,5,23,
0,0,14,8,13,4,7,11,7,0,0.9860876428655656,5,43,
0,0,14,9,4,4,1,7,1,0,0.7788078315256088,5,482,
0,0,14,10,13,11,3,11,11,0,1.0,5,0,
0,0,14,11,4,1,11,11,11,0,0.9202217384894054,5,11,
0,0,14,12,13,2,2,1,7,0,0.9631313729608804,5,0,
0,0,14,13,2,7,13,1,4,0,0.06975267266483587,5,0,
0,0,14,14,2,7,14,1,7,0,0.4906786208843812,5,2,
0,0,14,15,13,8,1,12,7,0,0.9519897125081154,5,1,
0,0,14,16,8,4,4,4,11,0,0.8206829321181934,5,180,
0,0,14,17,12,4,2,1,12,0,0.23894056069259562,5,34,
0,0,14,18,12,7,2,4,1,0,0.1446303580461099,5,13,
0,0,14,19,8,2,3,12,12,0,0.9507906316609169,5,3,
0,0,14,20,7,7,12,4,8,1,0.22318156866339023,5,121,
0,0,14,21,4,2,8,8,2,1,0.17762213757259238,5,3,
0,0,14,22,5,8,3,12,1,0,0.948516824294694,5,0,
0,0,14,23,4,4,1,6,7,0,0.5740601947742168,5,5,
0,0,14,24,2,4,1,7,7,0,0.8638443601437017,5,122,
0,0,14,25,12,13,6,3,3,0,0.9734671151984639,5,0,
0,0,14,26,8,4,3,4,11,0,0.9513863498698935,5,2,
0,0,14,27,4,5,3,1,1,0,0.9547712455962132,5,2,
0,0,14,28,1,13,1,12,11,0,0.7792715171734736,5,45,
0,0,14,29,4,8,8,4,3,0,0.3925150907051784,5,35,
0,0,15,0,4,2,1,2,13,1,0.05941435043433341,5,0,
0,0,15,1,13,12,4,7,4,0,0.9602482315985186,5,28,
0,0,15,2,2,1,12,3,4,0,0.7963555037012364,5,0,
0,0,15,3,7,8,4,12,4,0,0.5564887229746256,5,237,
0,0,15,4,11,3,5,10,7,0,0.5715879213373019,5,0,
0,0,15,5,1,4,4,2,7,0,0.3371143046042884,5,249,
0,0,15,6,7,4,12,13,2,1,0.22771318331219237,5,44,
0,0,15,7,7,12,14,10,3,0,0.7802296281152593,5,5,
0,0,15,8,2,1,4,7,4,0,0.7264510377595226,5,101,
0,0,15,9,7,4,7,11,7,0,0.8733367151568512,5,245,
0,0,15,10,4,8,8,7,2,0,0.39194717346466534,5,3,
0,0,15,11,2,7,7,8,7,0,0.39407216913775267,5,8,
0,0,15,12,8,1,4,7,1,0,0.88050152949757,5,123,
0,0,15,13,1,2,2,7,1,0,0.6003703138285592,5,169,
0,0,15,14,11,4,4,12,12,0,0.017183873505317138,5,0,
0,0,15,15,7,3,2,4,4,1,0.10733026557387859,5,0,
0,0,15,16,7,7,4,1,4,0,0.12328958813009372,5,0,
0,0,15,17,2,13,7,7,4,0,0.9244449974744533,5,66,
0,0,15,18,3,13,7,12,2,0,0.8233942198386159,5,0,
0,0,15,19,1,12,7,8,11,0,0.3560711499582627,5,2,
0,0,15,20,4,4,1,1,4,0,0.6143475009094959,5,149,
0,0,15,21,13,4,1,2,6,0,0.9597524247450475,5,1,
0,0,15,22,2,7,2,4,1,0,0.3685242642466997,5,112,
0,0,15,23,13,12,4,1,7,0,0.9712754617485125,5,39,
0,0,15,24,8,11,8,3,7,0,0.759013965115168,5,2,
0,0,15,25,10,4,11,12,1,0,1.0,5,1,
0,0,15,26,4,12,11,2,1,0,0.8381533411187414,5,32,
0,0,15,27,7,11,5,2,1,0,0.031887836237688205,5,0,
0,0,15,28,12,3,4,8,2,1,0.2665805424624281,5,4,
0,0,15,29,13,11,7,11,3,0,0.999987172375645,5,1,
0,0,16,0,1,1,8,7,11,0,0.506471809144917,5,251,
0,0,16,1,2,13,1,3,3,0,0.8818501463718559,5,0,
0,0,16,2,8,1,1,7,11,0,0.934481334332701,5,189,
0,0,16,3,4,1,8,13,13,1,0.6234381464657812,5,89,
0,0,16,4,11,8,7,12,2,0,0.7598283118046749,5,22,
0,0,16,5,4,2,13,2,6,0,0.004878802563703211,5,0,
0,0,16,6,4,5,1,7,12,0,0.8786875642901487,5,22,
0,0,16,7,4,1,13,1,7,0,0.3013132026701062,5,138,
0,0,16,8,11,8,2,7,12,0,0.6083062212274086,5,27,
0,0,16,9,7,12,3,4,4,0,0.8331522762842976,5,35,
0,0,16,10,2,4,5,8,7,0,0.046194159908604204,5,0,
0,0,16,11,12,7,1,2,3,0,0.2424082818262705,5,36,
0,0,16,12,4,13,1,2,4,0,0.7821139544380817,5,101,
0,0,16,13,12,7,7,4,11,0,0.6955551323516915,5,182,
0,0,16,14,8,7,4,2,2,0,0.5638361490621671,5,25,
0,0,16,15,13,3,4,4,11,0,0.9985478931235205,5,39,
0,0,16,16,13,8,3,2,11,0,0.9350084963883117,5,2,
0,0,16,17,5,1,7,1,4,0,0.9937498096390144,5,55,
0,0,16,18,1,13,7,12,12,0,0.8088361853381423,5,19,
0,0,16,19,11,2,11,7,7,0,0.9290746927419038,5,153,
0,0,16,20,7,7,4,13,7,1,0.11647734197045123,5,134,
0,0,16,21,12,8,13,12,8,1,0.5561497468356127,5,37,
0,0,16,22,5,2,7,1,11,0,0.9853424048796442,5,4,
0,0,16,23,12,11,8,2,10,1,0.12563167552383947,5,0,
0,0,16,24,2,12,1,1,13,0,0.09722241729185033,5,3,
0,0,16,25,4,1,1,1,13,0,0.035491517891094615,5,15,
0,0,16,26,6,11,13,5,11,0,0.5155925805222508,5,0,
0,0,16,27,3,7,9,11,1,0,0.5424099744209425,5,36,
0,0,16,28,2,10,7,2,11,0,0.9027369096642419,5,3,
0,0,16,29,3,1,2,2,4,0,0.041752336513897426,5,3,
0,0,17,0,8,12,12,3,4,0,0.8699699278803026,5,4,
0,0,17,1,5,8,4,7,3,0,0.9478898425537019,5,0,
0,0,17,2,5,7,3,8,4,0,0.9965148195508622,5,0,
0,0,17,3,11,11,12,3,4,0,0.36325444189232803,5,1,
0,0,17,4,11,12,4,12,4,0,0.24162465598000904,5,29,
0,0,17,5,3,4,1,2,4,0,0.16984268428996252,5,1,
0,0,17,6,2,12,7,7,11,0,0.9373967349844896,5,152,
0,0,17,7,12,1,9,7,2,0,0.12079149059998318,5,0,
0,0,17,8,4,7,12,7,4,0,0.5426298612797805,5,82,
0,0,17,9,2,2,4,8,8,1,0.2003588819501494,5,2,
0,0,17,10,12,7,1,3,4,0,0.6493592419641656,5,9,
0,0,17,11,1,3,2,4,11,0,0.24820463876402843,5,4,
0,0,17,12,7,7,8,13,1,1,0.09321442540909575,5,83,
0,0,17,13,6,7,4,1,11,0,0.33806198530265275,5,0,
0,0,17,14,4,2,2,4,1,0,0.4027045609338218,5,224,
0,0,17,15,1,12,13,11,6,0,0.4904819637825564,5,7,
0,0,17,16,7,2,5,1,4,0,0.2981096421904299,5,41,
0,0,17,17,1,7,2,2,5,1,0.43599120731389585,5,62,
0,0,17,18,12,4,2,1,6,0,0.321882185325415,5,0,
0,0,17,19,2,4,2,1,12,0,0.36473942014059557,5,7,
0,0,17,20,7,3,4,4,2,1,0.10680275484499613,5,4,
0,0,17,21,4,2,8,1,1,0,0.2981612857926563,5,10,
0,0,17,22,8,13,2,11,11,0,0.6399850884672358,5,1,
0,0,17,23,1,7,2,2,7,0,0.18162886257521316,5,97,
0,0,17,24,2,4,8,7,11,0,0.60455986975294,5,110,
0,0,17,25,7,13,11,11,1,0,0.9819348751281498,5,82,
0,0,17,26,2,12,1,1,1,0,0.7183795182362884,5,21,
0,0,17,27,4,7,4,7,7,0,0.6673009340141165,5,466,
0,0,17,28,4,8,11,7,3,0,0.9523645706165342,5,121,
0,0,17,29,7,4,12,9,6,1,0.05990026390199721,5,1,
0,0,18,0,7,4,4,7,11,0,0.6865149862711162,5,262,
0,0,18,1,5,11,2,7,11,0,0.9971753053093484,5,40,
0,0,18,2,7,4,2,1,11,0,0.5480180600569746,5,262,
0,0,18,3,1,8,2,7,3,0,0.7153486047371842,5,0,
0,0,18,4,8,12,5,7,12,1,0.233448434224389,5,0,
0,0,18,5,7,5,12,11,1,0,0.7904106013936625,5,7,
0,0,18,6,4,4,11,7,11,0,0.9426771394783868,5,259,
0,0,18,7,3,7,4,11,8,0,0.12437398264999389,5,0,
0,0,18,8,4,1,2,8,1,1,0.008155109332379729,5,0,
0,0,18,9,12,12,2,6,3,0,0.5089380593432405,5,0,
0,0,18,10,12,12,11,4,7,0,0.9249099055885511,5,30,
0,0,18,11,4,7,3,11,13,0,0.7111652223943996,5,5,
0,0,18,12,2,1,1,2,4,0,0.4747697333354066,5,81,
0,0,18,13,1,4,1,12,11,0,0.6384952946289864,5,23,
0,0,18,14,11,4,12,6,8,0,0.24587932574055316,5,0,
0,0,18,15,8,7,7,12,7,0,0.9695281482486746,5,177,
0,0,18,16,7,7,1,1,4,0,0.1920249156268028,5,29,
0,0,18,17,1,11,13,4,1,1,0.026088134759771675,5,0,
0,0,18,18,12,13,1,12,11,0,0.7532792039861924,5,47,
0,0,18,19,4,12,4,1,1,0,0.5591986521227207,5,137,
0,0,18,20,2,2,4,5,1,1,0.06414661959617951,5,0,
0,0,18,21,7,11,1,4,7,0,0.017934694611986934,5,0,
0,0,18,22,4,7,8,4,12,1,0.17039102040769594,5,96,
0,0,18,23,11,8,8,4,1,0,0.4657630747665935,5,40,
0,0,18,24,7,13,4,11,3,0,0.8103147696741476,5,3,
0,0,18,25,7,7,1,8,6,1,0.17251106796928029,5,23,
0,0,18,26,11,1,12,8,1,1,0.1459746119479408,5,46,
0,0,18,27,12,1,4,3,1,0,0.6479251854083377,5,5,
0,0,18,28,4,7,7,7,12,0,0.7480576422569236,5,42,
0,0,18,29,7,7,5,1,11,0,0.5079695589932937,5,7,
0,0,19,0,11,1,14,6,11,0,0.7409178779380861,5,21,
0,0,19,1,1,11,2,4,13,1,0.3842933338156862,5,63,
0,0,19,2,4,1,4,4,7,0,0.4750806138081882,5,429,
0,0,19,3,3,3,1,4,4,1,0.06901909124685757,5,0,
0,0,19,4,7,12,12,13,7,1,0.26471767674974767,5,19,
0,0,19,5,3,12,13,12,2,1,0.018344683480922885,5,0,
0,0,19,6,1,3,7,4,3,0,0.2907672661574129,5,4,
0,0,19,7,7,4,4,7,1,0,0.5963364008418632,5,615,
0,0,19,8,1,11,11,7,3,0,0.7856020588185298,5,9,
0,0,19,9,1,2,7,8,10,1,0.19514553407869273,5,0,
0,0,19,10,8,2,11,7,3,0,0.9508688708509183,5,50,
0,0,19,11,12,12,12,4,12,0,0.3052587138401113,5,21,
0,0,19,12,7,7,4,12,3,0,0.08656764731559197,5,0,
0,0,19,13,12,4,7,2,3,0,0.6208025003871744,5,65,
0,0,19,14,4,1,14,10,1,0,0.6169847611709448,5,3,
0,0,19,15,7,7,12,5,11,1,0.06684086307338366,5,1,
0,0,19,16,3,8,1,7,11,0,0.8816179057974523,5,42,
0,0,19,17,7,4,13,12,4,1,0.056069383504383286,5,2,
0,0,19,18,3,7,8,2,3,0,0.055906985069102744,5,3,
0,0,19,19,8,1,4,12,11,0,0.8654231296689492,5,175,
0,0,19,20,7,1,1,2,12,0,0.042930672874264,5,0,
0,0,19,21,4,4,11,7,6,0,0.8759868295449693,5,7,
0,0,19,22,8,11,8,2,7,0,0.4724314714136504,5,11,
0,0,19,23,2,5,7,2,2,0,0.8673176369187383,5,7,
0,0,19,24,11,1,11,1,8,0,0.27701830699483565,5,3,
0,0,19,25,11,12,5,11,6,0,0.6282018131006883,5,6,
0,0,19,26,7,11,2,8,4,1,0.17992480867336547,5,50,
0,0,19,27,11,12,1,11,1,0,0.7468389719893292,5,3,
0,0,19,28,7,1,5,13,3,0,0.0617289458830661,5,0,
0,0,19,29,13,6,7,12,1,0,1.0,5,10,
0,0,20,0,12,3,7,12,11,0,0.5939971493578242,5,1,
0,0,20,1,7,13,8,12,1,0,0.4175628677272585,5,29,
0,0,20,2,11,11,11,5,4,0,0.029105045319687606,5,0,
0,0,20,3,8,12,3,3,4,0,0.9445176665108533,5,0,
0,0,20,4,7,7,4,13,1,1,0.1458408014859054,5,166,
0,0,20,5,5,3,7,4,2,0,0.9984710627866944,5,1,
0,0,20,6,11,7,8,13,7,0,0.01156192066086481,5,0,
0,0,20,7,1,12,1,4,4,0,0.4766603209795912,5,98,
0,0,20,8,1,11,1,4,3,0,0.18105938366926733,5,4,
0,0,20,9,1,8,11,4,11,0,0.9412561464498945,5,121,
0,0,20,10,1,7,7,8,4,1,0.04259134187400648,5,1,
0,0,20,11,2,7,8,12,2,1,0.08609477135476173,5,0,
0,0,20,12,1,4,4,11,4,0,0.6918983990377383,5,184,
0,0,20,13,5,11,11,4,11,0,1.0,5,12,
0,0,20,14,4,4,2,4,11,0,0.5087024158971647,5,412,
0,0,20,15,7,7,9,2,7,0,0.37416580197868377,5,3,
0,0,20,16,13,11,7,1,11,0,0.9997061705757326,5,139,
0,0,20,17,8,7,2,8,1,0,0.29808183616288986,5,3,
0,0,20,18,1,7,13,2,8,1,0.5892610389232804,5,96,
0,0,20,19,7,8,6,1,11,0,0.943993663163468,5,0,
0,0,20,20,1,5,8,4,3,0,0.38776926154595004,5,0,
0,0,20,21,2,8,1,11,11,0,0.8652394269636781,5,10,
0,0,20,22,4,11,12,8,2,1,0.11936405453278198,5,21,
0,0,20,23,11,3,12,11,8,0,0.2923933334658809,5,0,
0,0,20,24,2,7,2,1,7,0,0.5722029083043316,5,70,
0,0,20,25,4,8,9,7,11,0,0.5612638948314426,5,0,
0,0,20,26,2,12,2,1,7,0,0.6320861525370469,5,37,
0,0,20,27,4,12,3,7,11,0,0.9382120656617572,5,58,
0,0,20,28,12,4,14,6,3,0,0.5984390835531015,5,0,
0,0,20,29,4,2,1,11,7,0,0.8580994583826402,5,155,
0,0,21,0,5,7,1,2,4,0,0.9832440631035242,5,0,
0,0,21,1,1,5,12,12,3,0,0.6002167983298023,5,0,
0,0,21,2,13,7,11,11,1,0,0.9947088247153766,5,61,
0,0,21,3,4,11,4,9,1,0,0.0633126754316009,5,6,
0,0,21,4,12,4,1,8,11,0,0.3317582757533921,5,46,
0,0,21,5,4,4,1,6,7,0,0.5740601947742168,5,11,
0,0,21,6,1,1,6,12,12,0,0.8793963829511655,5,0,
0,0,21,7,12,1,2,4,6,0,0.17713727887769837,5,8,
0,0,21,8,13,7,3,7,4,0,0.9960144370219599,5,3,
0,0,21,9,5,7,12,4,7,0,0.9912274952547431,5,148,
0,0,21,10,12,4,1,11,4,0,0.798589507792433,5,310,
0,0,21,11,11,1,3,4,1,0,0.5113664065605703,5,13,
0,0,21,12,3,11,2,8,7,1,0.042401967850146605,5,0,
0,0,21,13,12,8,9,11,4,0,0.45727849046347724,5,1,
0,0,21,14,3,11,4,4,7,1,0.039656996995821925,5,0,
0,0,21,15,1,4,4,2,6,0,0.07466014879662186,5,5,
0,0,21,16,11,11,2,4,2,1,0.11801308749413231,5,56,
0,0,21,17,1,8,8,12,4,0,0.30162178106990045,5,43,
0,0,21,18,7,1,7,4,11,0,0.5018098136547373,5,214,
0,0,21,19,3,4,4,1,2,0,0.276572683048828,5,14,
0,0,21,20,7,8,4,4,2,0,0.5409058469197312,5,133,
0,0,21,21,8,7,3,11,4,0,0.9768575490612397,5,0,
0,0,21,22,7,1,14,3,11,0,0.6835573201383416,5,44,
0,0,21,23,4,7,5,7,1,0,0.27559013696779244,5,49,
0,0,21,24,8,1,13,11,6,0,0.25347021925733904,5,0,
0,0,21,25,12,4,7,2,4,0,0.6401086534420077,5,145,
0,0,21,26,11,4,5,3,4,0,0.5473409427875153,5,87,
0,0,21,27,1,7,12,13,3,1,0.12734365292827987,5,57,
0,0,21,28,12,8,1,2,1,0,0.6771753857977387,5,76,
0,0,21,29,2,2,12,4,11,0,0.6374227526838672,5,91,
0,0,22,0,7,12,2,3,2,0,0.5455399869669468,5,42,
0,0,22,1,12,12,12,1,1,0,0.5539249473654198,5,18,
0,0,22,2,5,7,13,4,7,0,0.8644770917582911,5,10,
0,0,22,3,4,1,3,7,7,0,0.9314768070109958,5,23,
0,0,22,4,12,4,3,1,11,0,0.917767365201773,5,26,
0,0,22,5,13,2,4,4,11,0,0.9806032055479859,5,25,
0,0,22,6,7,11,14,6,11,0,0.6027955721866274,5,3,
0,0,22,7,2,13,7,2,1,0,0.8629170222605249,5,44,
0,0,22,8,11,2,14,7,3,0,0.7047588646235741,5,0,
0,0,22,9,7,1,1,4,12,0,0.13483810624371317,5,58,
0,0,22,10,2,4,7,1,11,0,0.8790953711413441,5,178,
0,0,22,11,7,7,5,12,1,1,0.02379646075839581,5,0,
0,0,22,12,1,4,9,6,4,0,0.5220177457842463,5,7,
0,0,22,13,12,1,3,4,1,0,0.8611329716264583,5,21,
0,0,22,14,4,12,4,7,7,0,0.7669487143879743,5,397,
0,0,22,15,7,2,7,6,11,0,0.7106018768177218,5,2,
0,0,22,16,1,1,4,12,11,0,0.45146868356539815,5,110,
0,0,22,17,7,4,5,8,4,1,0.11665591937759778,5,70,
0,0,22,18,4,4,8,8,7,0,0.043798792821906796,5,1,
0,0,22,19,1,12,13,12,3,0,0.35177683112703795,5,18,
0,0,22,20,1,8,12,1,4,0,0.6123897428798214,5,37,
0,0,22,21,4,4,1,13,7,1,0.07244745136305575,5,0,
0,0,22,22,7,4,13,3,3,0,0.5561635662040268,5,6,
0,0,22,23,1,1,11,1,3,0,0.7329364342966547,5,18,
0,0,22,24,2,6,5,13,11,0,0.10503279630103157,5,0,
0,0,22,25,7,8,13,7,2,0,0.35897841595179436,5,7,
0,0,22,26,8,2,4,7,7,0,0.861479442475069,5,99,
0,0,22,27,7,12,13,11,11,0,0.6179612731662125,5,135,
0,0,22,28,4,1,12,2,11,0,0.33031708515113123,5,126,
0,0,22,29,4,12,12,4,7,0,0.5554129411903426,5,140,
0,0,23,0,12,1,5,2,1,1,0.051258368647300934,5,0,
0,0,23,1,12,7,7,7,7,0,0.8722252327458156,5,103,
0,0,23,2,12,2,11,12,2,0,0.904670929579779,5,29,
0,0,23,3,12,7,2,12,2,1,0.11068793389298182,5,8,
0,0,23,4,1,12,2,4,11,0,0.5370601565967672,5,194,
0,0,23,5,4,1,2,3,7,0,0.6321596838041041,5,140,
0,0,23,6,12,4,5,12,4,1,0.22802784466937664,5,36,
0,0,23,7,11,7,4,2,1,1,0.031220211167288014,5,1,
0,0,23,8,11,8,4,11,1,0,0.8175911166763145,5,70,
0,0,23,9,4,12,1,8,4,0,0.11382245071802499,5,2,
0,0,23,10,7,12,4,12,8,1,0.2748791634954858,5,100,
0,0,23,11,1,7,7,1,7,0,0.591079127083944,5,36,
0,0,23,12,8,11,8,11,3,0,0.7944071090476992,5,5,
0,0,23,13,11,4,1,7,8,0,0.1451092716122271,5,1,
0,0,23,14,11,1,7,2,13,0,0.10611623045928431,5,14,
0,0,23,15,12,4,5,1,7,0,0.30455898925962777,5,0,
0,0,23,16,11,4,8,5,4,1,0.13640225095687386,5,29,
0,0,23,17,1,4,7,4,7,0,0.6915743168048409,5,366,
0,0,23,18,8,2,1,8,11,0,0.7057385841836799,5,2,
0,0,23,19,12,2,11,2,1,0,0.883641490264194,5,44,
0,0,23,20,2,4,7,11,1,0,0.9303178827700863,5,120,
0,0,23,21,7,2,11,3,2,0,0.9198044068412461,5,26,
0,0,23,22,13,11,2,13,1,0,0.968348323831437,5,1,
0,0,23,23,13,12,11,12,11,0,0.9700638184813384,5,6,
0,0,23,24,8,11,4,7,3,0,0.9553540815760078,5,21,
0,0,23,25,11,2,12,8,1,1,0.059150082962265316,5,0,
0,0,23,26,12,4,13,12,7,0,0.019942664821857026,5,0,
0,0,23,27,11,1,2,9,2,1,0.03361932695059999,5,0,
0,0,23,28,4,4,12,4,3,0,0.44491659830147356,5,150,
0,0,23,29,8,7,7,2,7,0,0.9527234206073222,5,116,
0,0,24,0,1,2,13,11,3,0,0.4884167489502642,5,1,
0,0,24,1,7,4,1,1,11,0,0.6276353808490753,5,309,
0,0,24,2,7,3,7,3,7,0,0.42894299161842997,5,1,
0,0,24,3,7,4,2,11,4,0,0.5603602309750723,5,200,
0,0,24,4,11,2,12,2,3,0,0.09751283459082782,5,3,
0,0,24,5,2,4,4,11,11,0,0.8221905686778614,5,202,
0,0,24,6,7,1,7,7,4,0,0.6701230053130034,5,88,
0,0,24,7,12,5,7,7,2,0,0.9261220308819678,5,16,
0,0,24,8,2,4,8,4,1,0,0.2629336832567848,5,31,
0,0,24,9,2,2,13,14,10,1,0.22364156597226148,5,0,
0,0,24,10,8,8,7,11,2,0,0.9376196497025333,5,12,
0,0,24,11,12,2,2,2,1,0,0.26610500191713715,5,10,
0,0,24,12,12,8,2,4,4,0,0.46859491704271306,5,61,
0,0,24,13,2,8,1,11,11,0,0.8652394269636781,5,43,
0,0,24,14,11,8,7,7,1,0,0.9211507954930721,5,82,
0,0,24,15,11,7,2,12,7,0,0.07668542516470755,5,0,
0,0,24,16,4,2,2,6,7,0,0.5695953520167621,5,0,
0,0,24,17,4,8,8,8,1,0,0.09867913134316098,5,0,
0,0,24,18,6,1,8,4,11,0,0.32336852698930985,5,0,
0,0,24,19,2,12,1,2,12,0,0.44321617351859244,5,0,
0,0,24,20,2,2,4,4,1,0,0.5746982501117257,5,85,
0,0,24,21,3,7,8,1,11,0,0.3608430607281885,5,3,
0,0,24,22,5,4,1,12,7,0,0.9827686551787913,5,70,
0,0,24,23,11,8,2,8,1,0,0.23955953753551817,5,2,
0,0,24,24,4,2,7,12,11,0,0.8144423252864431,5,147,
0,0,24,25,7,4,4,4,8,1,0.18422189020809543,5,17,
0,0,24,26,4,7,8,4,8,1,0.4703740536155483,5,157,
0,0,24,27,2,4,8,2,1,0,0.14406956346683875,5,24,
0,0,24,28,4,7,7,4,12,0,0.447432104097397,5,57,
0,0,24,29,13,4,12,11,3,0,0.9926131997263918,5,0,
0,0,25,0,6,2,11,14,11,0,0.26413521197906586,5,0,
0,0,25,1,13,12,3,2,7,0,0.9781895592961749,5,1,
0,0,25,2,7,8,1,1,1,0,0.7713182182421423,5,174,
0,0,25,3,14,7,3,2,11,0,1.0,5,0,
0,0,25,4,4,12,7,12,7,0,0.8122743233121429,5,162,
0,0,25,5,1,1,13,7,7,0,0.38735988612281314,5,61,
0,0,25,6,12,8,13,1,1,0,0.18724801474411135,5,0,
0,0,25,7,12,4,2,5,11,1,0.08389129042613419,5,0,
0,0,25,8,1,12,13,8,7,0,0.07779466020127446,5,0,
0,0,25,9,8,8,4,3,3,0,0.7879228348348362,5,0,
0,0,25,10,7,7,1,11,1,0,0.5665644190572403,5,61,
0,0,25,11,14,11,7,7,11,0,1.0,5,52,
0,0,25,12,7,4,8,8,1,1,0.05848265407896158,5,9,
0,0,25,13,2,12,12,7,4,0,0.7490613344309602,5,64,
0,0,25,14,7,4,2,1,8,1,0.21769093080939883,5,127,
0,0,25,15,1,1,8,5,1,1,0.08184847894534575,5,4,
0,0,25,16,3,12,8,10,1,0,0.6025404070892302,5,0,
0,0,25,17,6,11,12,7,3,0,0.26863201994519037,5,0,
0,0,25,18,4,12,2,2,11,0,0.4069332966107091,5,114,
0,0,25,19,1,8,12,7,1,0,0.7473674319278447,5,75,
0,0,25,20,3,12,1,2,2,0,0.12048850906712616,5,2,
0,0,25,21,7,11,2,7,1,0,0.1517532813150675,5,0,
0,0,25,22,2,2,3,7,7,0,0.9576339464132373,5,20,
0,0,25,23,1,11,5,5,11,0,0.19259601141361027,5,0,
0,0,25,24,1,7,7,7,7,0,0.7789001214114424,5,192,
0,0,25,25,1,13,4,12,1,0,0.6596170724677697,5,62,
0,0,25,26,1,7,5,3,7,0,0.5350800241402545,5,91,
0,0,25,27,2,13,1,1,12,0,0.8574977716352293,5,14,
0,0,25,28,1,4,2,2,7,0,0.31503434324037305,5,211,
0,0,25,29,8,12,7,7,4,0,0.949252158718685,5,124,
0,0,26,0,1,7,8,1,1,0,0.18640919051301674,5,52,
0,0,26,1,4,5,3,2,3,0,0.9384018858305716,5,2,
0,0,26,2,12,4,11,11,3,0,0.9306914623620459,5,2,
0,0,26,3,4,2,8,1,4,0,0.22308051587273403,5,46,
0,0,26,4,12,8,4,12,7,0,0.658275128209024,5,174,
0,0,26,5,1,4,5,4,8,1,0.5232103908226629,5,109,
0,0,26,6,4,4,8,2,1,0,0.08002242902235235,5,41,
0,0,26,7,4,3,2,4,4,0,0.05136941035551257,5,0,
0,0,26,8,11,3,9,11,11,0,0.6035360453646217,5,16,
0,0,26,9,12,4,7,7,11,0,0.9136601753194258,5,292,
0,0,26,10,2,2,11,7,1,0,0.951482461517229,5,129,
0,0,26,11,11,2,1,4,4,0,0.41805331722904704,5,13,
0,0,26,12,11,2,7,13,8,1,0.1519159794349787,5,0,
0,0,26,13,1,8,8,13,3,1,0.28317823138018294,5,10,
0,0,26,14,7,7,11,12,12,0,0.44532873542847473,5,7,
0,0,26,15,4,1,8,6,11,0,0.5345532340931156,5,100,
0,0,26,16,12,11,12,2,11,0,0.12410208299923964,5,9,
0,0,26,17,7,4,1,12,1,0,0.4280629391590485,5,183,
0,0,26,18,11,7,11,4,2,0,0.28523007878558615,5,10,
0,0,26,19,12,2,4,13,10,1,0.16005752275183993,5,3,
0,0,26,20,2,13,7,4,2,0,0.8795440258554399,5,13,
0,0,26,21,11,13,13,11,1,0,0.31372348044137355,5,6,
0,0,26,22,4,1,7,8,4,0,0.19922985192379405,5,45,
0,0,26,23,2,1,11,11,2,0,0.9256712725808371,5,48,
0,0,26,24,2,4,8,13,4,1,0.2133708809512287,5,21,
0,0,26,25,3,2,2,2,12,0,0.03746577981708055,5,0,
0,0,26,26,13,4,12,12,3,0,0.9898346420650043,5,66,
0,0,26,27,1,1,12,4,7,0,0.31885634037207256,5,170,
0,0,26,28,12,11,13,5,11,0,0.0057697531328329,5,0,
0,0,26,29,12,8,3,7,7,0,0.9586194023652341,5,53,
0,0,27,0,4,4,12,11,9,0,0.6510899880096257,5,15,
0,0,27,1,2,7,4,12,3,0,0.567250015843733,5,68,
0,0,27,2,12,7,2,1,4,0,0.16746201102464275,5,7,
0,0,27,3,7,7,8,13,2,1,0.24530372253432842,5,96,
0,0,27,4,2,1,8,4,1,0,0.23399264515778828,5,21,
0,0,27,5,4,2,12,4,3,0,0.46954851815014176,5,109,
0,0,27,6,5,1,3,4,4,0,0.993647335978838,5,44,
0,0,27,7,1,7,2,2,13,1,0.4891570633626209,5,36,
0,0,27,8,7,4,2,11,11,0,0.6638904964463488,5,285,
0,0,27,9,12,1,3,4,7,0,0.9012533190882799,5,121,
0,0,27,10,7,8,5,3,2,0,0.5655360433757033,5,0,
0,0,27,11,4,1,1,12,7,0,0.592693929119718,5,306,
0,0,27,12,7,1,2,4,8,1,0.3273754807648548,5,145,
0,0,27,13,1,11,1,3,7,0,0.5871138866898686,5,13,
0,0,27,14,4,3,11,11,2,0,0.7533170216542617,5,1,
0,0,27,15,4,13,1,8,3,0,0.6294727098705948,5,15,
0,0,27,16,7,8,13,12,2,0,0.10357921896696043,5,0,
0,0,27,17,1,12,3,4,3,0,0.8478293391968312,5,9,
0,0,27,18,2,13,11,2,3,0,0.9351255867253278,5,17,
0,0,27,19,4,4,5,7,1,0,0.35648702195954785,5,12,
0,0,27,20,7,12,7,13,2,1,0.30549212446461316,5,2,
0,0,27,21,7,7,8,1,6,0,0.1416941707846504,5,1,
0,0,27,22,11,8,11,12,3,0,0.9418326083201249,5,26,
0,0,27,23,4,1,13,1,1,0,0.20117531070047767,5,5,
0,0,27,24,7,4,6,11,4,0,0.9207990751005203,5,41,
0,0,27,25,1,12,9,10,7,0,0.7437693991718941,5,1,
0,0,27,26,1,11,1,7,1,0,0.47155048755218376,5,12,
0,0,27,27,4,13,2,3,3,0,0.6674984720687283,5,0,
0,0,27,28,1,4,12,12,11,0,0.5027458457205491,5,203,
0,0,27,29,9,6,4,11,4,0,1.0,5,9,
0,0,28,0,5,7,3,12,1,0,0.9941787422498851,5,0,
0,0,28,1,11,7,7,12,5,0,0.12334146743659002,5,2,
0,0,28,2,9,7,3,1,4,0,1.0,5,0,
0,0,28,3,4,2,11,7,12,0,0.9394240188323975,5,31,
0,0,28,4,2,2,4,2,3,0,0.4556026919734443,5,47,
0,0,28,5,1,2,2,12,1,0,0.3734332496739592,5,105,
0,0,28,6,11,12,1,4,3,0,0.4386947118518896,5,42,
0,0,28,7,11,7,4,2,13,1,0.23836958110946194,5,79,
0,0,28,8,5,4,4,1,7,0,0.9830322413489951,5,119,
0,0,28,9,2,7,7,12,12,0,0.65555078092488,5,61,
0,0,28,10,1,4,9,1,1,0,0.49968697248483984,5,24,
0,0,28,11,2,13,11,12,12,0,0.9035429607193943,5,3,
0,0,28,12,4,7,2,11,7,0,0.6095704328777636,5,162,
0,0,28,13,8,4,8,12,1,0,0.3464340609093475,5,28,
0,0,28,14,1,11,13,5,12,1,0.02498192313416303,5,0,
0,0,28,15,13,1,7,12,3,0,0.9905157960850686,5,44,
0,0,28,16,1,3,1,7,2,0,0.3766619505516904,5,14,
0,0,28,17,1,4,4,5,1,1,0.127159105317868,5,69,
0,0,28,18,11,8,2,8,4,0,0.18009713833146757,5,4,
0,0,28,19,4,13,4,4,2,0,0.6846519812991145,5,58,
0,0,28,20,2,1,8,1,2,0,0.1607120861195095,5,4,
0,0,28,21,4,12,4,11,7,0,0.7835054668082047,5,192,
0,0,28,22,2,12,12,7,7,0,0.8318999969483465,5,140,
0,0,28,23,12,7,2,8,1,1,0.13223822364383975,5,29,
0,0,28,24,5,2,2,7,7,0,0.9759236490382828,5,0,
0,0,28,25,3,7,4,13,4,1,0.15795977236622183,5,52,
0,0,28,26,1,3,1,12,11,0,0.30084363308396045,5,16,
0,0,28,27,7,1,13,1,4,0,0.15116145790482904,5,40,
0,0,28,28,1,4,12,1,6,0,0.2683017643290282,5,1,
0,0,28,29,4,8,7,1,4,0,0.8855023774282513,5,254,
0,0,29,0,4,8,3,2,3,0,0.9140675913051095,5,0,
0,0,29,1,7,8,7,4,1,0,0.8299973530236793,5,133,
0,0,29,2,4,13,11,7,7,0,0.9634620957176498,5,153,
0,0,29,3,4,11,1,7,11,0,0.7170181311347648,5,14,
0,0,29,4,7,1,7,7,4,0,0.6701230053130034,5,82,
0,0,29,5,7,3,8,9,11,0,0.1454652057718402,5,1,
0,0,29,6,3,1,8,7,11,0,0.5112130749499135,5,3,
0,0,29,7,4,2,1,7,11,0,0.8384093594334903,5,46,
0,0,29,8,11,13,3,11,4,0,0.9859754170777038,5,2,
0,0,29,9,1,5,7,2,7,0,0.8718191953894445,5,0,
0,0,29,10,12,8,4,1,3,0,0.6754237026487486,5,8,
0,0,29,11,4,12,8,1,7,0,0.44073658711499686,5,216,
0,0,29,12,8,13,1,7,12,0,0.8894428360310667,5,0,
0,0,29,13,2,4,1,7,7,0,0.8638443601437017,5,49,
0,0,29,14,7,8,4,4,9,1,0.006503599809209337,5,0,
0,0,29,15,2,4,4,7,7,0,0.8080960643471969,5,205,
0,0,29,16,8,4,7,7,1,0,0.9559628251508855,5,136,
0,0,29,17,1,1,1,13,10,1,0.15741978203139073,5,2,
0,0,29,18,8,12,4,4,2,0,0.6521558039736656,5,25,
0,0,29,19,7,4,2,4,4,0,0.1984339219797715,5,205,
0,0,29,20,3,4,4,7,7,0,0.6205219612961077,5,6,
0,0,29,21,2,1,7,4,1,0,0.7658527186962765,5,157,
0,0,29,22,2,3,8,11,7,0,0.6506140528680262,5,1,
0,0,29,23,4,4,1,7,12,0,0.7015307239099511,5,27,
0,0,29,24,1,7,2,1,5,1,0.27811159360261895,5,11,
0,0,29,25,8,4,4,11,7,0,0.8831796334345399,5,25,
0,0,29,26,1,7,4,2,1,0,0.06538785321201979,5,66,
0,0,29,27,11,12,13,12,6,0,0.3430656092850779,5,6,
0,0,29,28,5,2,7,3,6,0,0.9676279947924482,5,0,
0,0,29,29,7,12,2,7,2,0,0.45270944748230635,5,41,
0,0,30,0,5,1,4,4,11,0,0.9936280633384326,5,66,
0,0,30,1,2,11,7,3,1,0,0.8780451777236875,5,7,
0,0,30,2,2,4,4,11,7,0,0.8296426219524422,5,144,
0,0,30,3,4,2,1,7,10,0,0.25147638388290505,5,0,
0,0,30,4,12,12,8,12,11,0,0.3977767518258635,5,79,
0,0,30,5,12,4,4,11,11,0,0.7409085597739915,5,98,
0,0,30,6,1,1,1,6,7,0,0.46752163198137353,5,6,
0,0,30,7,7,4,4,2,13,1,0.2727388463427345,5,37,
0,0,30,8,7,7,4,2,1,1,0.018037770476537984,5,16,
0,0,30,9,7,7,4,4,1,0,0.050945523176069596,5,77,
0,0,30,10,11,8,1,2,3,0,0.6022273217699452,5,28,
0,0,30,11,2,10,12,1,7,0,0.9825570054317367,5,2,
0,0,30,12,11,1,5,1,11,0,0.5842553076491928,5,113,
0,0,30,13,3,7,4,6,2,0,0.3608547654179719,5,3,
0,0,30,14,7,11,2,4,13,1,0.38813429717714754,5,73,
0,0,30,15,12,8,1,7,7,0,0.8552494827402148,5,246,
0,0,30,16,4,1,2,3,8,0,0.0016968548104170367,5,0,
0,0,30,17,4,5,1,2,11,0,0.7823819281542064,5,12,
0,0,30,18,2,12,12,12,4,0,0.5319098536755913,5,45,
0,0,30,19,4,2,1,4,4,0,0.601139295929672,5,294,
0,0,30,20,2,12,1,3,2,0,0.786229353473239,5,5,
0,0,30,21,12,12,2,3,3,0,0.6053359488598047,5,1,
0,0,30,22,4,5,13,1,7,0,0.19447149754147564,5,0,
0,0,30,23,11,2,2,7,11,0,0.6736325090848756,5,53,
0,0,30,24,7,6,7,6,5,0,0.34928391023817973,5,1,
0,0,30,25,13,4,4,7,4,0,0.9699718432035637,5,143,
0,0,30,26,12,12,4,2,12,0,0.19356970953563502,5,0,
0,0,30,27,12,2,11,1,1,0,0.9249930335657433,5,37,
0,0,30,28,4,11,7,13,4,1,0.11689862386034044,5,6,
0,0,30,29,12,8,4,11,4,0,0.783266070267504,5,29,
0,0,31,0,12,7,1,12,11,0,0.552294706661195,5,26,
0,0,31,1,7,7,1,5,2,1,0.1828485399548101,5,14,
0,0,31,2,7,8,1,4,11,0,0.7660296879522963,5,286,
0,0,31,3,8,12,7,1,11,0,0.9474564237230343,5,36,
0,0,31,4,11,12,4,12,14,0,0.14769412497919543,5,0,
0,0,31,5,7,7,4,8,9,1,0.1634641543620472,5,3,
0,0,31,6,12,11,12,1,6,1,0.007342878970728606,5,0,
0,0,31,7,2,4,1,7,7,0,0.8638443601437017,5,194,
0,0,31,8,13,1,4,7,7,0,0.9885191606775081,5,157,
0,0,31,9,4,7,12,11,12,0,0.6228356999708362,5,28,
0,0,31,10,4,12,2,12,13,1,0.49356500651301194,5,15,
0,0,31,11,1,2,2,7,7,0,0.6521168678259215,5,168,
0,0,31,12,2,2,4,4,7,0,0.6515487268635494,5,127,
0,0,31,13,4,11,4,1,3,0,0.3350150301753805,5,31,
0,0,31,14,11,4,4,6,4,0,0.503400396230709,5,20,
0,0,31,15,4,8,1,1,4,0,0.7808723774046166,5,120,
0,0,31,16,2,4,13,1,7,0,0.3663369473875161,5,21,
0,0,31,17,7,12,1,8,7,0,0.12005193413903115,5,0,
0,0,31,18,7,7,8,4,4,1,0.07568049828565382,5,44,
0,0,31,19,12,4,13,2,11,0,0.08483643969136123,5,7,
0,0,31,20,1,4,8,2,13,1,0.5529616407207618,5,81,
0,0,31,21,7,7,14,4,4,0,0.25701093573504763,5,12,
0,0,31,22,7,4,2,10,1,0,0.5770236819087186,5,42,
0,0,31,23,1,4,12,13,1,1,0.16168871099397197,5,121,
0,0,31,24,3,8,8,7,6,0,0.6123400047066015,5,0,
0,0,31,25,1,1,1,13,7,1,0.08309384013188525,5,2,
0,0,31,26,1,2,5,7,6,0,0.43881729820414017,5,0,
0,0,31,27,8,4,12,2,12,0,0.6237269228202182,5,21,
0,0,31,28,4,2,1,4,2,0,0.5574703844791902,5,45,
0,0,31,29,14,11,1,4,3,0,1.0,5,0,
0,0,32,0,14,10,11,7,1,0,1.0,5,8,
0,0,32,1,2,2,8,12,2,0,0.08133957934787572,5,0,
0,0,32,2,2,11,12,7,12,0,0.6216508438853159,5,91,
0,0,32,3,11,1,12,8,7,1,0.10898010337510766,5,1,
0,0,32,4,4,11,8,7,1,0,0.18206274260285848,5,0,
0,0,32,5,11,1,8,4,7,0,0.21675604957469408,5,1,
0,0,32,6,11,4,10,3,11,0,0.5966236214410334,5,4,
0,0,32,7,4,2,2,8,11,0,0.2451842624322742,5,2,
0,0,32,8,2,6,7,1,13,0,0.25690862024741934,5,0,
0,0,32,9,7,4,2,4,7,0,0.38602352369085313,5,425,
0,0,32,10,2,1,8,1,3,0,0.4224062611274184,5,24,
0,0,32,11,4,4,12,2,1,0,0.2460819696807237,5,179,
0,0,32,12,1,1,13,7,12,1,0.044607374479162853,5,0,
0,0,32,13,7,7,2,12,13,1,0.5354298991624138,5,60,
0,0,32,14,7,1,13,12,8,1,0.5768731157805135,5,64,
0,0,32,15,4,7,7,8,4,0,0.06324035672090966,5,1,
0,0,32,16,7,4,7,12,1,0,0.5489980459641239,5,225,
0,0,32,17,4,9,3,4,4,0,0.8806127589828889,5,14,
0,0,32,18,4,11,13,10,6,0,0.29310704084357453,5,0,
0,0,32,19,3,9,11,7,11,0,0.9798196881829064,5,19,
0,0,32,20,7,4,4,11,4,0,0.6481079954368677,5,395,
0,0,32,21,2,2,5,2,1,0,0.09777964178148468,5,0,
0,0,32,22,3,4,4,8,4,1,0.08746340702441557,5,0,
0,0,32,23,2,2,4,4,10,1,0.08888598289726368,5,0,
0,0,32,24,12,1,8,13,3,1,0.11854601349301985,5,0,
0,0,32,25,3,11,11,5,5,0,0.21204199629461074,5,0,
0,0,32,26,11,8,12,11,1,0,0.8328620736751091,5,4,
0,0,32,27,11,12,13,3,13,1,0.8312982453082942,5,1,
0,0,32,28,1,1,8,4,12,1,0.10039481572045905,5,0,
0,0,32,29,5,12,11,1,11,0,0.9754543210768065,5,103,
0,0,33,0,7,4,4,1,4,0,0.3620734312615794,5,77,
0,0,33,1,7,1,13,8,2,1,0.29353676681921415,5,51,
0,0,33,2,12,12,1,2,1,0,0.45158713156504393,5,46,
0,0,33,3,1,1,8,6,11,0,0.5843783347289989,5,5,
0,0,33,4,11,7,8,1,7,0,0.2795906965582401,5,9,
0,0,33,5,5,4,12,11,3,0,0.9945319069399536,5,0,
0,0,33,6,11,4,5,2,7,0,0.3605892679856255,5,12,
0,0,33,7,8,12,1,7,4,0,0.8724063607433559,5,107,
0,0,33,8,7,7,4,7,6,0,0.3373864055513951,5,6,
0,0,33,9,7,12,4,7,4,0,0.57949547278273,5,177,
0,0,33,10,7,12,8,4,1,0,0.24220037625276314,5,56,
0,0,33,11,4,1,2,4,11,0,0.4624322791532054,5,144,
0,0,33,12,7,11,4,8,4,1,0.1915170113331861,5,124,
0,0,33,13,7,13,1,1,7,0,0.8518246175832558,5,193,
0,0,33,14,7,2,13,7,11,0,0.48887560233292326,5,41,
0,0,33,15,12,11,8,9,1,1,0.012185104591060814,5,0,
0,0,33,16,1,1,8,8,7,0,0.02023967126982784,5,0,
0,0,33,17,11,12,8,1,3,0,0.49063609611401815,5,9,
0,0,33,18,4,5,12,4,2,0,0.5744970997079779,5,0,
0,0,33,19,4,12,5,11,11,0,0.5665732368840561,5,94,
0,0,33,20,7,8,12,12,12,0,0.36652099628971824,5,8,
0,0,33,21,2,2,4,7,1,0,0.7689399077132022,5,38,
0,0,33,22,2,12,8,4,2,0,0.10343940790541517,5,0,
0,0,33,23,2,7,4,7,7,0,0.7971335258691348,5,295,
0,0,33,24,5,12,4,11,1,0,0.9766182195096367,5,0,
0,0,33,25,1,4,4,7,4,0,0.6023114992293218,5,83,
0,0,33,26,2,2,8,4,13,1,0.5243611265319117,5,4,
0,0,33,27,11,1,13,4,7,0,0.32550007939795633,5,18,
0,0,33,28,7,12,8,4,4,0,0.1358508300226653,5,3,
0,0,33,29,12,2,4,1,4,0,0.5430233588041986,5,21,
